username,md5_hash
user001,cafc1e4642cda2652173a042f4f2b829
user002,239120bc9d0347b6e18c9939593cac8c
user003,bb0035d46ec2bf58ee7bacc7cf07e6c1
user004,0c67493c8ecbce10de00a1aafa5a0d58
user005,68bb5cca557ac400acb5b70dda479ef2
user006,68cb4c1da67caf7a74e73975bbee2240
user007,a82799f52c93a5c0c0a9bf53b2dd375f
user008,cf6a4598e43988471d0e721423083aa7
user009,466c426ce7d314d81bf6623fab1f6d42
user010,fc61a47c10ad53edf6a8f34c6c435f9c
user011,bde61ef2a35205c8d431873b15472cfe
user012,3f4d388d327d451f705ee9686c1254e6
user013,b518ffbda9a8765e60c431a261244e40
user014,1752e7a8e5056b28d2d20ae5294cf073
user015,726012e52150a8cdbd1c067868dc5531
user016,b762ba810efa7e45a126ff6f953101a9
user017,f5efbafdd42b4ca27d98eb6743d14241
user018,542ecb371f7bf19904b3a7be2ede505d
user019,b208aa5c6ff3e2607e8649cbefd154f1
user020,20c3d502b0efb043c5edb118915a3af1
user021,c6e6f0ccf8d3e7a9683a2ff0a2b9fb65
user022,774a9e3bb0268b3bd882e9782f5f0d7d
user023,e77e95a7e2c6ef6075a868e013abd73f
user024,04d049cb6d5d86b51f1424ccb6ae8e28
user025,074d90e88d3de7e44159ee0a505e6446
user026,91b876727019dc4b0beebd9f643b429f
user027,29ac5a731d4b915115ef33026da3f3c7
user028,f84865023e95cb7a3ab33e7b048eba15
user029,a66ab467849ac6b26feb486fa5746fa4
user030,0d70801d37ea431fa661454ee379548c
user031,285bdceec485ced55a3984e667f8efde
user032,a1d544e74f453c9336f62da1b8d6aa66
user033,c36f56b9875c5200cd77a9024b751c99
user034,61b33a73b2aaf9ef6391e942b33ea646
user035,28c7e09f401ef98a606c12dd843b662d
user036,acc1d4579adb7ddb29255235c2ab23ee
user037,38a40e4ef059a6ffa3894157fda25b00
user038,4c00f1229a1e2a3589e5439f9c3f0499
user039,72552bae71ec5ee5d58fa4555cc5ba49
user040,193a2176ae0776b1ad830c515fd2fbbc
user041,938bd5dbd11122e6f70e75a2f3a40608
user042,b9d24201c021c736b7fee8427b7dd3bf
user043,ff6e7565e2e7f6d3c09448a3291f9c19
user044,3f00a5e565f22755e883ce336fec1d74
user045,462e47097a18f4fd976f0c93eb8f30da
user046,225f5e112358bf683dc173ee611a5d91
user047,353a6276138d3ddc1b668753e4504aa3
user048,dfa9f6b498f8c5f93b952bdc53ec6d84
user049,58ed44db1c17d29890b0399bac29e804
user050,c9321c1886df944c1a596dca555b2e4e
user051,d029bf70f7e691f277179f098658d918
user052,93ddd1d08d459ac77cf252e314609712
user053,93883aa1589330a26d8982ea3644c9a6
user054,52d9f41584af6a7074955b5fce241d2b
user055,8f94435f16fe90cb19beb874103b43d7
user056,d65637e8c4e296d3c316111f20429470
user057,82593aa87f4fe1ac752618847f69445e
user058,dd3cef64c08394a931339ef2f2a0ce86
user059,823e2e9f3e150311c1273422d88ed8b4
user060,21468ae6a716880ffb4943f65b458e44
user061,147b6770763b665687dabc0f569b13bc
user062,6d391d759cffe944b49999399dce79dd
user063,d72d91453e162d573a4c41bef45240d4
user064,991bdada86bc7e031d9c452adeec1913
user065,dd1175b61a59471563501417054cca73
user066,bd0f921e4fd749d07d92b93f8ae31635
user067,f11dd6b9b9bbc52f2efba463c5006ea0
user068,29dac160c97ea1185d9aa647e57e90c8
user069,a6ae7d3fbc9f6d8d4af9293c8d8881af
user070,93c5730fea4d6a7af9522a4798a04833
user071,28824d2c13bce195e9a23016fdcd9ddb
user072,81b5aea084bd12e84b7b6ed61f64d328
user073,bec37e85393395b2c90ecd108a9f3596
user074,5e0bbc2c39f1c308b15829599137c698
user075,d98b9e9740df4c1b108e2afaee0ae217
user076,5b24e41ce6579e8e12e59b7112b8f712
user077,1e1589df1e2a0648f54a83f7c8758733
user078,4cf41d88020b0717806e8de1740ac24a
user079,59181b21b9a8850df9d9a4a47b1edc3a
user080,9d91f9b1509fdb2ba2fb728cdc198705
user081,2fe079b62710eab333661d07f1c4c8b4
user082,72c2e8e125a0483fd2a357208e063202
user083,3a1274391b5a8bc9b09a3bb3ee3a349c
user084,13bf2516bdafe99c818f95088661e709
user085,3f92b78768ae2962bad800326cb92856
user086,8ca94a02a6376a5e3d4b1568a26c283e
user087,d886d7a8a54361dfaa9259009967906c
user088,98c38dc6c0cefd6b60efb84dfac615e3
user089,1a591397b14e1a057781e0191ce1e593
user090,fbf44276b71172ffbff088accdd67ae8
user091,68d709e54384a11bef53d726fb23df3f
user092,b1ff4929c6be5fe1771cff37a98928ec
user093,802beeaa739d588a411451d5ac3ce17f
user094,5d3d6b17433c8fc4fb7964e0b66aba37
user095,1cf9c727aa06a363e9a5397c9f48a6a9
user096,dbd98b51266c97240305238e54beab22
user097,9c951ceaa0fa19e21b2d7abedab5f625
user098,d5aa39d1907e6d78ec35f9369dcd0bdd
user099,0d9f70121d64428711697cb18fb19b01
user100,613a393a966f0f523c21f1485d790e9e
